mdse_item_i,mdse_clas_i,mdse_dept_ref_i,week_start_date,week_end_date,sls_retl_a,retl_a,sls_unit_q,avg_sales,n_stores,circular_flag,circular_flag_count,clearance_flag,clearance_flag_count,dollar_off_flag,dollar_off_flag_count,tpc_flag,tpc_flag_count,pct_off_flag,pct_off_flag_count,christmas_flag,easter_flag,thanksgiving_flag,newyearsday_flag,fathersday_flag,mothersday_flag,julyfourth_flag,valentines_flag,memorialday_flag,halloween_flag,superbowl_flag,stpatricks_flag,ashwednesday_flag,blackfriday_flag,columbusday_flag,cybermonday_flag,goodfriday_flag,holysaturday_flag,laborday_flag,mardigras_flag,mlkday_flag,presidentsday_flag,veteransday_flag,all_holidays,wk1_flag,wk2_flag,wk3_flag,wk4_flag,wk5_flag,wk6_flag,wk7_flag,wk8_flag,wk9_flag,wk10_flag,xmas1_flag,xmas2_flag
20887,1671,8,1/5/14,1/11/14,250813,17,14755,8.455587393,1745,0,0,0,0,0,0,0,0,0,0,0,0,0,0,0,0,0,0,0,0,0,0,0,0,0,0,0,0,0,0,0,0,0,0,0,0,0,0,0,0,0,0,0,0,0,0
20887,1671,8,1/12/14,1/18/14,215206,17,12660,7.213675214,1755,0,0,0,0,0,0,0,0,0,0,0,0,0,0,0,0,0,0,0,0,0,0,0,0,0,0,0,0,0,0,0,0,0,0,0,0,0,0,0,0,0,0,0,0,0,0
20887,1671,8,1/19/14,1/25/14,208253,17,12251,6.976651481,1756,0,0,0,0,0,0,0,0,0,0,0,0,0,0,0,0,0,0,0,0,0,0,0,0,0,0,0,0,0,0,1,0,0,1,0,0,0,0,0,0,0,0,0,0,0,0
20887,1671,8,1/26/14,2/1/14,218511,17,13670,7.784738041,1756,0,0,0,0,0,0,0,0,0,0,0,0,0,0,0,0,0,0,0,0,0,0,0,0,0,0,0,0,0,0,0,0,0,0,0,0,0,0,0,0,0,0,0,0,0,0
20887,1671,8,2/2/14,2/8/14,199032,17,11720,6.674259681,1756,0,0,0,0,0,0,0,0,0,0,0,0,0,0,0,0,0,0,0,0,1,0,0,0,0,0,0,0,0,0,0,0,0,1,0,0,0,0,0,0,0,0,0,0,0,0
20887,1671,8,2/9/14,2/15/14,228381.92,17,13439,7.653189066,1756,0,0,0,0,0,0,0,0,0,0,0,0,0,0,0,0,0,1,0,0,0,0,0,0,0,0,0,0,0,0,0,0,0,1,0,0,0,0,0,0,0,0,0,0,0,0
20887,1671,8,2/16/14,2/22/14,220691.08,17,12986,7.395216401,1756,0,0,0,0,0,0,0,0,0,0,0,0,0,0,0,0,0,0,0,0,0,0,0,0,0,0,0,0,0,0,0,1,0,1,0,0,0,0,0,0,0,0,0,0,0,0
20887,1671,8,2/23/14,3/1/14,221067.33,17,13012,7.410022779,1756,0,0,0,0,0,0,0,0,0,0,0,0,0,0,0,0,0,0,0,0,0,0,0,0,0,0,0,0,0,0,0,0,0,0,0,0,0,0,0,0,0,0,0,0,0,0
20887,1671,8,3/2/14,3/8/14,222153.05,17,13076,7.437997725,1758,0,0,0,0,0,0,0,0,0,0,0,0,0,0,0,0,0,0,0,0,0,0,1,0,0,0,0,0,0,1,0,0,0,1,0,0,0,0,0,0,0,0,0,0,0,0
20887,1671,8,3/9/14,3/15/14,185167.68,17,10904,6.195454545,1760,0,0,0,0,0,0,0,0,0,0,0,0,0,0,0,0,0,0,0,0,0,0,0,0,0,0,0,0,0,0,0,0,0,0,0,0,0,0,0,0,0,0,0,0,0,0
20887,1671,8,3/16/14,3/22/14,210838.73,17,12420,7.056818182,1760,0,0,0,0,0,0,0,0,0,0,0,0,0,0,0,0,0,0,0,0,0,1,0,0,0,0,0,0,0,0,0,0,0,1,0,0,0,0,0,0,0,0,0,0,0,0
20887,1671,8,3/23/14,3/29/14,179405.43,17,10563,6.001704545,1760,0,0,0,0,0,0,0,0,0,0,0,0,0,0,0,0,0,0,0,0,0,0,0,0,0,0,0,0,0,0,0,0,0,0,0,0,0,0,0,0,0,0,0,0,0,0
20887,1671,8,3/30/14,4/5/14,174295.9,17,10261,5.830113636,1760,0,0,0,0,0,0,0,0,0,0,0,0,0,0,0,0,0,0,0,0,0,0,0,0,0,0,0,0,0,0,0,0,0,0,0,0,0,0,0,0,0,0,0,0,0,0
20887,1671,8,4/6/14,4/12/14,172706.1,17,10168,5.777272727,1760,0,0,0,0,0,0,0,0,0,0,0,0,0,0,0,0,0,0,0,0,0,0,0,0,0,0,0,0,0,0,0,0,0,0,0,0,0,0,0,0,0,0,0,0,0,0
20887,1671,8,4/13/14,4/19/14,170398.05,17,10035,5.701704545,1760,0,0,0,0,0,0,0,0,0,0,0,0,0,0,0,0,0,0,0,0,0,0,0,0,0,0,1,1,0,0,0,0,0,1,0,0,0,0,0,0,0,0,0,0,0,0
20887,1671,8,4/20/14,4/26/14,123113,17,7246,4.117045455,1760,0,0,0,0,0,0,0,0,0,0,0,1,0,0,0,0,0,0,0,0,0,0,0,0,0,0,0,0,0,0,0,0,0,0,0,0,0,0,0,0,0,0,0,0,0,0
20887,1671,8,4/27/14,5/3/14,143480.1,17,8454,4.803409091,1760,0,0,0,0,0,0,0,0,0,0,0,0,0,0,0,0,0,0,0,0,0,0,0,0,0,0,0,0,0,0,0,0,0,0,0,0,0,0,0,0,0,0,0,0,0,0
20887,1671,8,5/4/14,5/10/14,148716,17,8748,4.970454545,1760,0,0,0,0,0,0,0,0,1,12320,0,0,0,0,0,0,0,0,0,0,0,0,0,0,0,0,0,0,0,0,0,0,0,0,0,0,0,0,0,0,0,0,0,0,0,0
20887,1671,8,5/11/14,5/17/14,154581,17,9094,5.167045455,1760,0,0,0,0,0,0,0,0,1,12320,0,0,0,0,0,1,0,0,0,0,0,0,0,0,0,0,0,0,0,0,0,0,0,1,0,0,0,0,0,0,0,0,0,0,0,0
20887,1671,8,5/18/14,5/24/14,144147.25,17,8482,4.819318182,1760,0,0,0,0,0,0,0,0,1,12320,0,0,0,0,0,0,0,0,0,0,0,0,0,0,0,0,0,0,0,0,0,0,0,0,0,0,0,0,0,0,0,0,0,0,0,0
20887,1671,8,5/25/14,5/31/14,161247,17,9486,5.389772727,1760,0,0,0,0,0,0,0,0,0.857142857,10560,0,0,0,0,0,0,0,0,1,0,0,0,0,0,0,0,0,0,0,0,0,0,0,1,0,0,0,0,0,0,0,0,0,0,0,0
20887,1671,8,6/1/14,6/7/14,171831.91,17,10112,5.745454545,1760,0,0,0,0,0,0,0,0,0,0,0,0,0,0,0,0,0,0,0,0,0,0,0,0,0,0,0,0,0,0,0,0,0,0,0,0,0,0,0,0,0,0,0,0,0,0
20887,1671,8,6/8/14,6/14/14,196454.66,17,11565,6.571022727,1760,0,0,0,0,0,0,0,0,1,12320,0,0,0,0,0,0,0,0,0,0,0,0,0,0,0,0,0,0,0,0,0,0,0,0,0,0,0,0,0,0,0,0,0,0,0,0
20887,1671,8,6/15/14,6/21/14,172384,17,10144,5.763636364,1760,0,0,0,0,0,0,0,0,0.857142857,10560,0,0,0,0,1,0,0,0,0,0,0,0,0,0,0,0,0,0,0,0,0,0,0,1,0,0,0,0,0,0,0,0,0,0,0,0
20887,1671,8,6/22/14,6/28/14,162894,17,9582,5.444318182,1760,0,0,0,0,0,0,0,0,0,0,0,0,0,0,0,0,0,0,0,0,0,0,0,0,0,0,0,0,0,0,0,0,0,0,0,0,0,0,0,0,0,0,0,0,0,0
20887,1671,8,6/29/14,7/5/14,182003.95,17,10710,6.085227273,1760,0,0,0,0,0,0,0,0,0,0,0,0,0,0,0,0,1,0,0,0,0,0,0,0,0,0,0,0,0,0,0,0,0,1,1,0,0,0,0,0,0,0,0,0,0,0
20887,1671,8,7/6/14,7/12/14,171734,17,10102,5.739772727,1760,0,0,0,0,0,0,0,0,0,0,0,0,0,0,0,0,0,0,0,0,0,0,0,0,0,0,0,0,0,0,0,0,0,0,0,1,0,0,0,0,0,0,0,0,0,0
20887,1671,8,7/13/14,7/19/14,165195.84,17,9725,5.525568182,1760,0,0,0,0,0,0,0,0,0.142857143,1760,0,0,0,0,0,0,0,0,0,0,0,0,0,0,0,0,0,0,0,0,0,0,0,0,0,0,1,0,0,0,0,0,0,0,0,0
20887,1671,8,7/20/14,7/26/14,158176.81,17,9311,5.275354108,1765,0,0,0,0,0,0,0,0,0,0,0,0,0,0,0,0,0,0,0,0,0,0,0,0,0,0,0,0,0,0,0,0,0,0,0,0,0,1,0,0,0,0,0,0,0,0
20887,1671,8,7/27/14,8/2/14,158889.89,17,9351,5.295016988,1766,0,0,0,0,0,0,0,0,0,0,0,0,0,0,0,0,0,0,0,0,0,0,0,0,0,0,0,0,0,0,0,0,0,0,0,0,0,0,1,0,0,0,0,0,0,0
20887,1671,8,8/3/14,8/9/14,161279,17,9487,5.37202718,1766,0,0,0,0,0,0,0,0,0,0,0,0,0,0,0,0,0,0,0,0,0,0,0,0,0,0,0,0,0,0,0,0,0,0,0,0,0,0,0,1,0,0,0,0,0,0
20887,1671,8,8/10/14,8/16/14,175348.2,17,10316,5.841449604,1766,0,0,0,0,0,0,0,0,0,0,0,0,0,0,0,0,0,0,0,0,0,0,0,0,0,0,0,0,0,0,0,0,0,0,0,0,0,0,0,0,1,0,0,0,0,0
20887,1671,8,8/17/14,8/23/14,191675,17,11275,6.384484711,1766,0,0,0,0,0,0,0,0,0,0,0,0,0,0,0,0,0,0,0,0,0,0,0,0,0,0,0,0,0,0,0,0,0,0,0,0,0,0,0,0,0,1,0,0,0,0
20887,1671,8,8/24/14,8/30/14,179765.16,17,10579,5.990373726,1766,0,0,0,0,0,0,0,0,0,0,0,0,0,0,0,0,0,0,0,0,0,0,0,0,0,0,0,0,0,0,0,0,0,0,0,0,0,0,0,0,0,0,1,0,0,0
20887,1671,8,8/31/14,9/6/14,173990.78,17,10238,5.797281993,1766,0,0,0,0,0,0,0,0,0,0,0,0,0,0,0,0,0,0,0,0,0,0,0,0,0,0,0,0,1,0,0,0,0,1,0,0,0,0,0,0,0,0,0,1,0,0
20887,1671,8,9/7/14,9/13/14,130509,17,7677,4.347112118,1766,0,0,0,0,0,0,0,0,0,0,0,0,0,0,0,0,0,0,0,0,0,0,0,0,0,0,0,0,0,0,0,0,0,0,0,0,0,0,0,0,0,0,0,0,0,0
20887,1671,8,9/14/14,9/20/14,137105,17,8065,4.566817667,1766,0,0,0,0,0,0,0,0,0,0,0,0,0,0,0,0,0,0,0,0,0,0,0,0,0,0,0,0,0,0,0,0,0,0,0,0,0,0,0,0,0,0,0,0,0,0
20887,1671,8,9/21/14,9/27/14,131325,17,7725,4.374292186,1766,0,0,0,0,0,0,0,0,0,0,0,0,0,0,0,0,0,0,0,0,0,0,0,0,0,0,0,0,0,0,0,0,0,0,0,0,0,0,0,0,0,0,0,0,0,0
20887,1671,8,9/28/14,10/4/14,132158,17,7775,4.402604757,1766,0,0,0,0,0,0,0,0,0,0,0,0,0,0,0,0,0,0,0,0,0,0,0,0,0,0,0,0,0,0,0,0,0,0,0,0,0,0,0,0,0,0,0,0,0,0
20887,1671,8,10/5/14,10/11/14,131648,17,7744,4.372670807,1771,0,0,0,0,0,0,0,0,0,0,0,0,0,0,0,0,0,0,0,0,0,0,0,0,0,0,0,0,0,0,0,0,0,0,0,0,0,0,0,0,0,0,0,0,0,0
20887,1671,8,10/12/14,10/18/14,136187,17,8012,4.521444695,1772,0,0,0,0,0,0,0,0,0,0,0,0,0,0,0,0,0,0,0,0,0,0,0,0,1,0,0,0,0,0,0,0,0,1,0,0,0,0,0,0,0,0,0,0,0,0
20887,1671,8,10/19/14,10/25/14,130748.96,17,7694,4.341986456,1772,0,0,0,0,0,0,0,0,0,0,0,0,0,0,0,0,0,0,0,0,0,0,0,0,0,0,0,0,0,0,0,0,0,0,0,0,0,0,0,0,0,0,0,0,0,0
20887,1671,8,10/26/14,11/1/14,131801,17,7753,4.375282167,1772,0,0,0,0,0,0,0,0,0,0,0,0,0,0,0,0,0,0,0,1,0,0,0,0,0,0,0,0,0,0,0,0,0,1,0,0,0,0,0,0,0,0,0,0,0,0
20887,1671,8,11/2/14,11/8/14,145053.97,17,8534,4.816027088,1772,0,0,0,0,0,0,0,0,0,0,0,0,0,0,0,0,0,0,0,0,0,0,0,0,0,0,0,0,0,0,0,0,0,0,0,0,0,0,0,0,0,0,0,0,0,0
20887,1671,8,11/9/14,11/15/14,146372.94,17,8613,4.860609481,1772,0,0,0,0,0,0,0,0,0,0,0,0,0,0,0,0,0,0,0,0,0,0,0,0,0,0,0,0,0,0,0,0,1,1,0,0,0,0,0,0,0,0,0,0,0,0
20887,1671,8,11/16/14,11/22/14,142548.92,17,8389,4.734198646,1772,0,0,0,0,0,0,0,0,0,0,0,0,0,0,0,0,0,0,0,0,0,0,0,0,0,0,0,0,0,0,0,0,0,0,0,0,0,0,0,0,0,0,0,0,0,0
20887,1671,8,11/23/14,11/29/14,1220242.74,17,115163,64.99040632,1772,0,0,0,0,0,0,0,0,0,0,0,0,1,0,0,0,0,0,0,0,0,0,0,1,0,0,0,0,0,0,0,0,0,0,0,0,0,0,0,0,0,0,0,0,0,0
20887,1671,8,11/30/14,12/6/14,322317.31,17,18990,10.71670429,1772,0,0,0,0,0,0,0,0,0.142857143,1772,0,0,0,0,0,0,0,0,0,0,0,0,0,0,0,1,0,0,0,0,0,0,0,0,0,0,0,0,0,0,0,0,0,0,0,0
20887,1671,8,12/7/14,12/13/14,317203.55,17,18723,10.56602709,1772,0,0,0,0,0,0,0,0,0,0,0,0,0,0,0,0,0,0,0,0,0,0,0,0,0,0,0,0,0,0,0,0,0,0,0,0,0,0,0,0,0,0,0,0,0,0
20887,1671,8,12/14/14,12/20/14,418557.82,17,27394,15.45936795,1772,0,0,0,0,0,0,0,0,0,0,0,0,0,0,0,0,0,0,0,0,0,0,0,0,0,0,0,0,0,0,0,0,0,0,0,0,0,0,0,0,0,0,0,0,1,0
20887,1671,8,12/21/14,12/27/14,756305.71,17,49489,27.92832957,1772,0,0,0,0,0,0,0,0,0,0,1,0,0,0,0,0,0,0,0,0,0,0,0,0,0,0,0,0,0,0,0,0,0,0,0,0,0,0,0,0,0,0,0,0,0,1
20887,1671,8,12/28/14,1/3/15,515924.28,17,30395,17.15293454,1772,0,0,0,0,0,0,0,0,0,0,0,0,0,1,0,0,0,0,0,0,0,0,0,0,0,0,0,0,0,0,0,0,0,1,0,0,0,0,0,0,0,0,0,0,0,0
20887,1671,8,1/4/15,1/10/15,281711.68,17,16581,9.357223476,1772,0,0,0,0,0,0,0,0,0,0,0,0,0,0,0,0,0,0,0,0,0,0,0,0,0,0,0,0,0,0,0,0,0,0,0,0,0,0,0,0,0,0,0,0,0,0
20887,1671,8,1/11/15,1/17/15,236296.7,17,13911,7.850451467,1772,0,0,0,0,0,0,0,0,0,0,0,0,0,0,0,0,0,0,0,0,0,0,0,0,0,0,0,0,0,0,0,0,0,0,0,0,0,0,0,0,0,0,0,0,0,0
20887,1671,8,1/18/15,1/24/15,221364.72,17,13033,7.35496614,1772,0,0,0,0,0,0,0,0,0,0,0,0,0,0,0,0,0,0,0,0,0,0,0,0,0,0,0,0,0,0,1,0,0,1,0,0,0,0,0,0,0,0,0,0,0,0
20887,1671,8,1/25/15,1/31/15,215740.47,17,14109,7.962189616,1772,0,0,0,0,0,0,0,0,0,0,0,0,0,0,0,0,0,0,0,0,0,0,0,0,0,0,0,0,0,0,0,0,0,0,0,0,0,0,0,0,0,0,0,0,0,0
20887,1671,8,2/1/15,2/7/15,198354.61,17,11681,6.591986456,1772,0,0,0,0,0,0,0,0,0,0,0,0,0,0,0,0,0,0,0,0,1,0,0,0,0,0,0,0,0,0,0,0,0,1,0,0,0,0,0,0,0,0,0,0,0,0
20887,1671,8,2/8/15,2/14/15,217254.71,17,12788,7.216704289,1772,0,0,0,0,0,0,0,0,0,0,0,0,0,0,0,0,0,1,0,0,0,0,0,0,0,0,0,0,0,0,0,0,0,1,0,0,0,0,0,0,0,0,0,0,0,0
20887,1671,8,2/15/15,2/21/15,201750.07,17,11874,6.700902935,1772,0,0,0,0,0,0,0,0,0,0,0,0,0,0,0,0,0,0,0,0,0,0,1,0,0,0,0,0,0,1,0,1,0,1,0,0,0,0,0,0,0,0,0,0,0,0
20887,1671,8,2/22/15,2/28/15,169872.2,17,11096,6.261851016,1772,0,0,0,0,0,0,0,0,0,0,0,0,0,0,0,0,0,0,0,0,0,0,0,0,0,0,0,0,0,0,0,0,0,0,0,0,0,0,0,0,0,0,0,0,0,0
20887,1671,8,3/1/15,3/7/15,167577.71,17,9867,5.555743243,1776,0,0,0,0,0,0,0,0,0,0,0,0,0,0,0,0,0,0,0,0,0,0,0,0,0,0,0,0,0,0,0,0,0,0,0,0,0,0,0,0,0,0,0,0,0,0
20887,1671,8,3/8/15,3/14/15,156642.03,17,9223,5.190208216,1777,0,0,0,0,0,0,0,0,0,0,0,0,0,0,0,0,0,0,0,0,0,0,0,0,0,0,0,0,0,0,0,0,0,0,0,0,0,0,0,0,0,0,0,0,0,0
20887,1671,8,3/15/15,3/21/15,137384.7,17,8973,5.049521666,1777,0,0,0,0,0,0,0,0,0,0,0,0,0,0,0,0,0,0,0,0,0,1,0,0,0,0,0,0,0,0,0,0,0,1,0,0,0,0,0,0,0,0,0,0,0,0
20887,1671,8,3/22/15,3/28/15,133958.85,17.00072192,7886,4.437816545,1777,0,0,0,0,0,0,0,0,1,12439,0,0,0,0,0,0,0,0,0,0,0,0,0,0,0,0,0,0,0,0,0,0,0,0,0,0,0,0,0,0,0,0,0,0,0,0
20887,1671,8,3/29/15,4/4/15,136285.27,17.00252673,8022,4.514350028,1777,0,0,0,0,0,0,0,0,0.857142857,10662,0,0,0,0,0,0,0,0,0,0,0,0,0,0,0,0,1,1,0,0,0,0,0,1,0,0,0,0,0,0,0,0,0,0,0,0
20887,1671,8,4/5/15,4/11/15,94490.34,17.00252673,5562,3.129994373,1777,0,0,0,0,0,0,0,0,0,0,0,1,0,0,0,0,0,0,0,0,0,0,0,0,0,0,0,0,0,0,0,0,0,0,0,0,0,0,0,0,0,0,0,0,0,0
20887,1671,8,4/12/15,4/18/15,107966.39,17.00252673,6353,3.575126618,1777,0,0,0,0,0,0,0,0,0,0,0,0,0,0,0,0,0,0,0,0,0,0,0,0,0,0,0,0,0,0,0,0,0,0,0,0,0,0,0,0,0,0,0,0,0,0
20887,1671,8,4/19/15,4/25/15,111531.21,17.00788407,6572,3.698368036,1777,0,0,0,0,0,0,0,0,0,0,0,0,0,0,0,0,0,0,0,0,0,0,0,0,0,0,0,0,0,0,0,0,0,0,0,0,0,0,0,0,0,0,0,0,0,0
20887,1671,8,4/26/15,5/2/15,109814.49,17.02127743,6469,3.640405177,1777,0,0,0,0,0,0,0,0,0,0,0,0,0,0,0,0,0,0,0,0,0,0,0,0,0,0,0,0,0,0,0,0,0,0,0,0,0,0,0,0,0,0,0,0,0,0
20887,1671,8,5/3/15,5/9/15,104692.73,17.02127743,6163,3.46820484,1777,0,0,0,0,0,0,0,0,0,0,0,0,0,0,0,0,0,0,0,0,0,0,0,0,0,0,0,0,0,0,0,0,0,0,0,0,0,0,0,0,0,0,0,0,0,0
20887,1671,8,5/10/15,5/16/15,100001.24,17.02127743,6531,3.675295442,1777,0,0,0,0,0,0,0,0,0,0,0,0,0,0,0,1,0,0,0,0,0,0,0,0,0,0,0,0,0,0,0,0,0,1,0,0,0,0,0,0,0,0,0,0,0,0
20887,1671,8,5/17/15,5/23/15,117042.22,17.13156685,6873,3.867754643,1777,0,0,0,0,0,0,0,0,0,0,0,0,0,0,0,0,0,0,0,0,0,0,0,0,0,0,0,0,0,0,0,0,0,0,0,0,0,0,0,0,0,0,0,0,0,0
20887,1671,8,5/24/15,5/30/15,125899.66,17.51853123,7231,4.069217783,1777,0,0,0,0,0,0,0,0,0,0,0,0,0,0,0,0,0,0,1,0,0,0,0,0,0,0,0,0,0,0,0,0,0,1,0,0,0,0,0,0,0,0,0,0,0,0
20887,1671,8,5/31/15,6/6/15,114444.56,17.51853123,6527,3.673044457,1777,0,0,0,0,0,0,0,0,0,0,0,0,0,0,0,0,0,0,0,0,0,0,0,0,0,0,0,0,0,0,0,0,0,0,0,0,0,0,0,0,0,0,0,0,0,0
20887,1671,8,6/7/15,6/13/15,111387.03,17.51772731,6357,3.577377603,1777,0,0,0,0,0,0,0,0,0,0,0,0,0,0,0,0,0,0,0,0,0,0,0,0,0,0,0,0,0,0,0,0,0,0,0,0,0,0,0,0,0,0,0,0,0,0
20887,1671,8,6/14/15,6/20/15,120211.88,17.51591044,6862,3.861564434,1777,0,0,0,0,0,0,0,0,0,0,0,0,0,0,0,0,0,0,0,0,0,0,0,0,0,0,0,0,0,0,0,0,0,0,0,0,0,0,0,0,0,0,0,0,0,0
20887,1671,8,6/21/15,6/27/15,114755.93,17.51482515,6547,3.684299381,1777,0,0,0,0,0,0,0,0,0,0,0,0,0,0,1,0,0,0,0,0,0,0,0,0,0,0,0,0,0,0,0,0,0,1,0,0,0,0,0,0,0,0,0,0,0,0
20887,1671,8,6/28/15,7/4/15,118416.11,17.51090602,6759,3.803601576,1777,0,0,0,0,0,0,0,0,0,0,0,0,0,0,0,0,1,0,0,0,0,0,0,0,0,0,0,0,0,0,0,0,0,1,1,0,0,0,0,0,0,0,0,0,0,0
20887,1671,8,7/5/15,7/11/15,113097.45,17.50893641,6455,3.63252673,1777,0,0,0,0,0,0,0,0,0,0,0,0,0,0,0,0,0,0,0,0,0,0,0,0,0,0,0,0,0,0,0,0,0,0,0,1,0,0,0,0,0,0,0,0,0,0
20887,1671,8,7/12/15,7/18/15,109860.31,17.50869523,6279,3.533483399,1777,0,0,0,0,0,0,0,0,0,0,0,0,0,0,0,0,0,0,0,0,0,0,0,0,0,0,0,0,0,0,0,0,0,0,0,0,1,0,0,0,0,0,0,0,0,0
20887,1671,8,7/19/15,7/25/15,97481.87,17.50890449,5584,3.137078652,1780,0,0,0,0,0,0,0,0,0,0,0,0,0,0,0,0,0,0,0,0,0,0,0,0,0,0,0,0,0,0,0,0,0,0,0,0,0,1,0,0,0,0,0,0,0,0
20887,1671,8,7/26/15,8/1/15,95561.51,17.5087495,5468,3.070185289,1781,0,0,0,0,0,0,0,0,0,0,0,0,0,0,0,0,0,0,0,0,0,0,0,0,0,0,0,0,0,0,0,0,0,0,0,0,0,0,1,0,0,0,0,0,0,0
20887,1671,8,8/2/15,8/8/15,103399.95,17.51012914,5913,3.320044919,1781,0,0,0,0,0,0,0,0,0,0,0,0,0,0,0,0,0,0,0,0,0,0,0,0,0,0,0,0,0,0,0,0,0,0,0,0,0,0,0,1,0,0,0,0,0,0
20887,1671,8,8/9/15,8/15/15,109060.9,17.48210792,6293,3.533408198,1781,0,0,0,0,0,0,0,0,0,0,0,0,0,0,0,0,0,0,0,0,0,0,0,0,0,0,0,0,0,0,0,0,0,0,0,0,0,0,0,0,1,0,0,0,0,0
20887,1671,8,8/16/15,8/22/15,135067.5,17.50972808,7764,4.359348681,1781,0,0,0,0,0,0,0,0,0.285634074,3561,0,0,0,0,0,0,0,0,0,0,0,0,0,0,0,0,0,0,0,0,0,0,0,0,0,0,0,0,0,0,0,1,0,0,0,0
20887,1671,8,8/23/15,8/29/15,118225.74,17.507803,6756,3.793374509,1781,0,0,0,0,0,0,0,0,0,0,0,0,0,0,0,0,0,0,0,0,0,0,0,0,0,0,0,0,0,0,0,0,0,0,0,0,0,0,0,0,0,0,1,0,0,0
20887,1671,8,8/30/15,9/5/15,106633.7,17.51069062,6090,3.419427288,1781,0,0,0,0,0,0,0,0,0,0,0,0,0,0,0,0,0,0,0,0,0,0,0,0,0,0,0,0,0,0,0,0,0,0,0,0,0,0,0,0,0,0,0,1,0,0
20887,1671,8,9/6/15,9/12/15,107464.52,17.51069062,6138,3.446378439,1781,0,0,0,0,0,0,0,0,0,0,0,0,0,0,0,0,0,0,0,0,0,0,0,0,0,0,0,0,1,0,0,0,0,1,0,0,0,0,0,0,0,0,0,0,0,0
20887,1671,8,9/13/15,9/19/15,86835.14,17.51069062,4956,2.782706345,1781,0,0,0,0,0,0,0,0,0,0,0,0,0,0,0,0,0,0,0,0,0,0,0,0,0,0,0,0,0,0,0,0,0,0,0,0,0,0,0,0,0,0,0,0,0,0
20887,1671,8,9/20/15,9/26/15,78007.5,17.51167322,4450,2.498596294,1781,0,0,0,0,0,0,0,0,0,0,0,0,0,0,0,0,0,0,0,0,0,0,0,0,0,0,0,0,0,0,0,0,0,0,0,0,0,0,0,0,0,0,0,0,0,0
20887,1671,8,9/27/15,10/3/15,72790.17,17.51756878,4154,2.332397529,1781,0,0,0,0,0,0,0,0,0,0,0,0,0,0,0,0,0,0,0,0,0,0,0,0,0,0,0,0,0,0,0,0,0,0,0,0,0,0,0,0,0,0,0,0,0,0
20887,1671,8,10/4/15,10/10/15,71094.36,17.50963686,4054,2.26987682,1786,0,0,0,0,0,0,0,0,0,0,0,0,0,0,0,0,0,0,0,0,0,0,0,0,0,0,0,0,0,0,0,0,0,0,0,0,0,0,0,0,0,0,0,0,0,0
20887,1671,8,10/11/15,10/17/15,74775.96,17.49,4274,2.393057111,1786,0,0,0,0,0,0,0,0,0,0,0,0,0,0,0,0,0,0,0,0,0,0,0,0,1,0,0,0,0,0,0,0,0,1,0,0,0,0,0,0,0,0,0,0,0,0
20887,1671,8,10/18/15,10/24/15,73930.78,17.49,4697,2.628427532,1787,0,0,0,0,0,0,0,0,0,0,0,0,0,0,0,0,0,0,0,0,0,0,0,0,0,0,0,0,0,0,0,0,0,0,0,0,0,0,0,0,0,0,0,0,0,0
20887,1671,8,10/25/15,10/31/15,72705.93,17.48860101,4157,2.326245104,1787,0,0,0,0,0,0,0,0,0,0,0,0,0,0,0,0,0,0,0,1,0,0,0,0,0,0,0,0,0,0,0,0,0,1,0,0,0,0,0,0,0,0,0,0,0,0
20887,1671,8,11/1/15,11/7/15,74136.6,17.48454393,4241,2.373251259,1787,0,0,0,0,0,0,0,0,0,0,0,0,0,0,0,0,0,0,0,0,0,0,0,0,0,0,0,0,0,0,0,0,0,0,0,0,0,0,0,0,0,0,0,0,0,0
20887,1671,8,11/8/15,11/14/15,67878.69,17.48314494,3881,2.171796307,1787,0,0,0,0,0,0,0,0,0,0,0,0,0,0,0,0,0,0,0,0,0,0,0,0,0,0,0,0,0,0,0,0,1,1,0,0,0,0,0,0,0,0,0,0,0,0
20887,1671,8,11/15/15,11/21/15,62911.53,17.48314494,3597,2.012870733,1787,0,0,0,0,0,0,0,0,0,0,0,0,0,0,0,0,0,0,0,0,0,0,0,0,0,0,0,0,0,0,0,0,0,0,0,0,0,0,0,0,0,0,0,0,0,0
20887,1671,8,11/22/15,11/28/15,576909.05,17.48314494,50371,28.18746503,1787,0,0,0,0,0,0,0,0,0,0,0,0,1,0,0,0,0,0,0,0,0,0,0,1,0,0,0,0,0,0,0,0,0,0,0,0,0,0,0,0,0,0,0,0,0,0
20887,1671,8,11/29/15,12/5/15,191577.39,17.48314494,10961,6.133743705,1787,0,0,0,0,0,0,0,0,0,0,0,0,0,0,0,0,0,0,0,0,0,0,0,0,0,1,0,0,0,0,0,0,0,0,0,0,0,0,0,0,0,0,0,0,0,0
20887,1671,8,12/6/15,12/12/15,153874.98,17.48314494,8802,4.925573587,1787,0,0,0,0,0,0,0,0,0,0,0,0,0,0,0,0,0,0,0,0,0,0,0,0,0,0,0,0,0,0,0,0,0,0,0,0,0,0,0,0,0,0,0,0,0,0
20887,1671,8,12/13/15,12/19/15,191935.18,17.48314494,10982,6.145495243,1787,0,0,0,0,0,0,0,0,0.999440403,12502,0,0,0,0,0,0,0,0,0,0,0,0,0,0,0,0,0,0,0,0,0,0,0,0,0,0,0,0,0,0,0,0,0,0,1,0
20887,1671,8,12/20/15,12/26/15,343020.27,17.48314494,19648,10.99496363,1787,0,0,0,0,0,0,0,0,0.856663202,10716,1,0,0,0,0,0,0,0,0,0,0,0,0,0,0,0,0,0,0,0,0,0,0,0,0,0,0,0,0,0,0,0,0,0,0,1
20887,1671,8,12/27/15,1/2/16,299868.36,17.48214725,17164,9.604924454,1787,0,0,0,0,0,0,0,0,0,0,0,0,0,1,0,0,0,0,0,0,0,0,0,0,0,0,0,0,0,0,0,0,0,1,0,0,0,0,0,0,0,0,0,0,0,0
20887,1671,8,1/3/16,1/9/16,147371.93,17.47965305,8432,4.718522664,1787,0,0,0,0,0,0,0,0,0,0,0,0,0,0,0,0,0,0,0,0,0,0,0,0,0,0,0,0,0,0,0,0,0,0,0,0,0,0,0,0,0,0,0,0,0,0
20887,1671,8,1/10/16,1/16/16,114526.95,17.47965305,6555,3.668158926,1787,0,0,0,0,0,0,0,0,0,0,0,0,0,0,0,0,0,0,0,0,0,0,0,0,0,0,0,0,0,0,0,0,0,0,0,0,0,0,0,0,0,0,0,0,0,0
20887,1671,8,1/17/16,1/23/16,109182.57,17.48704373,6243,3.493564633,1787,0,0,0,0,0,0,0,0,0,0,0,0,0,0,0,0,0,0,0,0,0,0,0,0,0,0,0,0,0,0,1,0,0,1,0,0,0,0,0,0,0,0,0,0,0,0
20887,1671,8,1/24/16,1/30/16,92137.32,17.49,5268,2.947957471,1787,0,0,0,0,0,0,0,0,0,0,0,0,0,0,0,0,0,0,0,0,0,0,0,0,0,0,0,0,0,0,0,0,0,0,0,0,0,0,0,0,0,0,0,0,0,0
20887,1671,8,1/31/16,2/6/16,117410.37,17.49,6714,3.757134863,1787,0,0,0,0,0,0,0,0,0,0,0,0,0,0,0,0,0,0,0,0,0,0,0,0,0,0,0,0,0,0,0,0,0,0,0,0,0,0,0,0,0,0,0,0,0,0
20887,1671,8,2/7/16,2/13/16,112688.07,17.49,6443,3.605484051,1787,0,0,0,0,0,0,0,0,0,0,0,0,0,0,0,0,0,0,0,0,1,0,1,0,0,0,0,0,0,1,0,0,0,1,0,0,0,0,0,0,0,0,0,0,0,0
20887,1671,8,2/14/16,2/20/16,101951.7,17.4891606,5831,3.263010632,1787,0,0,0,0,0,0,0,0,0,0,0,0,0,0,0,0,0,1,0,0,0,0,0,0,0,0,0,0,0,0,0,1,0,1,0,0,0,0,0,0,0,0,0,0,0,0
20887,1671,8,2/21/16,2/27/16,91141.88,17.47129747,5212,2.916620034,1787,0,0,0,0,0,0,0,0,0,0,0,0,0,0,0,0,0,0,0,0,0,0,0,0,0,0,0,0,0,0,0,0,0,0,0,0,0,0,0,0,0,0,0,0,0,0
20887,1671,8,2/28/16,3/5/16,91479.05,17.43076665,5246,2.935646335,1787,0,0,0,0,0,0,0,0,0,0,0,0,0,0,0,0,0,0,0,0,0,0,0,0,0,0,0,0,0,0,0,0,0,0,0,0,0,0,0,0,0,0,0,0,0,0
20887,1671,8,3/6/16,3/12/16,88774.27,17.42800336,5093,2.848434004,1788,0,0,0,0,0,0,0,0,0,0,0,0,0,0,0,0,0,0,0,0,0,0,0,0,0,0,0,0,0,0,0,0,0,0,0,0,0,0,0,0,0,0,0,0,0,0
20887,1671,8,3/13/16,3/19/16,83460.24,17.44375919,4786,2.676733781,1788,0,0,0,0,0,0,0,0,0,0,0,0,0,0,0,0,0,0,0,0,0,1,0,0,0,0,0,0,0,0,0,0,0,1,0,0,0,0,0,0,0,0,0,0,0,0
20887,1671,8,3/20/16,3/26/16,87966.48,17.48314877,5032,2.814317673,1788,0,0,0,0,0,0,0,0,0,0,0,0,0,0,0,0,0,0,0,0,0,0,0,0,0,0,1,1,0,0,0,0,0,1,0,0,0,0,0,0,0,0,0,0,0,0
20887,1671,8,3/27/16,4/2/16,67859.45,17.48314877,3880,2.170022371,1788,0,0,0,0,0,0,0,0,0,0,0,1,0,0,0,0,0,0,0,0,0,0,0,0,0,0,0,0,0,0,0,0,0,0,0,0,0,0,0,0,0,0,0,0,0,0
20887,1671,8,4/3/16,4/9/16,83262.39,17.49,4762,2.663310962,1788,0,0,0,0,0,0,0,0,0.857142857,10728,0,0,0,0,0,0,0,0,0,0,0,0,0,0,0,0,0,0,0,0,0,0,0,0,0,0,0,0,0,0,0,0,0,0,0,0
20887,1671,8,4/10/16,4/16/16,74439.93,17.49,4258,2.381431767,1788,0,0,0,0,0,0,0,0,0,0,0,0,0,0,0,0,0,0,0,0,0,0,0,0,0,0,0,0,0,0,0,0,0,0,0,0,0,0,0,0,0,0,0,0,0,0
20887,1671,8,4/17/16,4/23/16,66509.46,17.49,3804,2.127516779,1788,0,0,0,0,0,0,0,0,0,0,0,0,0,0,0,0,0,0,0,0,0,0,0,0,0,0,0,0,0,0,0,0,0,0,0,0,0,0,0,0,0,0,0,0,0,0
20887,1671,8,4/24/16,4/30/16,67341.46,17.49,3854,2.155480984,1788,0,0,0,0,0,0,0,0,0,0,0,0,0,0,0,0,0,0,0,0,0,0,0,0,0,0,0,0,0,0,0,0,0,0,0,0,0,0,0,0,0,0,0,0,0,0
20887,1671,8,5/1/16,5/7/16,68585.77,17.49,3923,2.194071588,1788,0,0,0,0,0,0,0,0,0,0,0,0,0,0,0,0,0,0,0,0,0,0,0,0,0,0,0,0,0,0,0,0,0,0,0,0,0,0,0,0,0,0,0,0,0,0
20887,1671,8,5/8/16,5/14/16,66811.79,17.49,3821,2.137024609,1788,0,0,0,0,0,0,0,0,0,0,0,0,0,0,0,1,0,0,0,0,0,0,0,0,0,0,0,0,0,0,0,0,0,1,0,0,0,0,0,0,0,0,0,0,0,0
20887,1671,8,5/15/16,5/21/16,63838.49,17.49,3651,2.041946309,1788,0,0,0,0,0,0,0,0,0,0,0,0,0,0,0,0,0,0,0,0,0,0,0,0,0,0,0,0,0,0,0,0,0,0,0,0,0,0,0,0,0,0,0,0,0,0
20887,1671,8,5/22/16,5/28/16,69987.47,17.49,4003,2.238814318,1788,0,0,0,0,0,0,0,0,0,0,0,0,0,0,0,0,0,0,0,0,0,0,0,0,0,0,0,0,0,0,0,0,0,0,0,0,0,0,0,0,0,0,0,0,0,0
20887,1671,8,5/29/16,6/4/16,75839.11,17.49,4339,2.426733781,1788,0,0,0,0,0,0,0,0,0,0,0,0,0,0,0,0,0,0,1,0,0,0,0,0,0,0,0,0,0,0,0,0,0,1,0,0,0,0,0,0,0,0,0,0,0,0
20887,1671,8,6/5/16,6/11/16,72570.99,17.49,4151,2.321588367,1788,0,0,0,0,0,0,0,0,0,0,0,0,0,0,0,0,0,0,0,0,0,0,0,0,0,0,0,0,0,0,0,0,0,0,0,0,0,0,0,0,0,0,0,0,0,0
20887,1671,8,6/12/16,6/18/16,76916.01,17.4901598,4399,2.460290828,1788,0,0,0,0,0,0,0,0,0,0,0,0,0,0,0,0,0,0,0,0,0,0,0,0,0,0,0,0,0,0,0,0,0,0,0,0,0,0,0,0,0,0,0,0,0,0
20887,1671,8,6/19/16,6/25/16,76365.83,17.49055928,4368,2.44295302,1788,0,0,0,0,0,0,0,0,0,0,0,0,0,0,1,0,0,0,0,0,0,0,0,0,0,0,0,0,0,0,0,0,0,1,0,0,0,0,0,0,0,0,0,0,0,0
20887,1671,8,6/26/16,7/2/16,78079.35,17.49055928,4465,2.497203579,1788,0,0,0,0,0,0,0,0,0,0,0,0,0,0,0,0,0,0,0,0,0,0,0,0,0,0,0,0,0,0,0,0,0,0,1,0,0,0,0,0,0,0,0,0,0,0
20887,1671,8,7/3/16,7/9/16,80803.29,17.49055928,4621,2.584451902,1788,0,0,0,0,0,0,0,0,0,0,0,0,0,0,0,0,1,0,0,0,0,0,0,0,0,0,0,0,0,0,0,0,0,1,0,1,0,0,0,0,0,0,0,0,0,0
20887,1671,8,7/10/16,7/16/16,73940.22,17.49055928,4236,2.369127517,1788,0,0,0,0,0,0,0,0,0,0,0,0,0,0,0,0,0,0,0,0,0,0,0,0,0,0,0,0,0,0,0,0,0,0,0,0,1,0,0,0,0,0,0,0,0,0
20887,1671,8,7/17/16,7/23/16,73040.22,17.4930692,4178,2.331473214,1792,0,0,0,0,0,0,0,0,0,0,0,0,0,0,0,0,0,0,0,0,0,0,0,0,0,0,0,0,0,0,0,0,0,0,0,0,0,1,0,0,0,0,0,0,0,0
20887,1671,8,7/24/16,7/30/16,75801.67,17.49390407,4333,2.41662019,1793,0,0,0,0,0,0,0,0,0,0,0,0,0,0,0,0,0,0,0,0,0,0,0,0,0,0,0,0,0,0,0,0,0,0,0,0,0,0,1,0,0,0,0,0,0,0
20887,1671,8,7/31/16,8/6/16,84518.19,17.49390407,4831,2.694366983,1793,0,0,0,0,0,0,0,0,0,0,0,0,0,0,0,0,0,0,0,0,0,0,0,0,0,0,0,0,0,0,0,0,0,0,0,0,0,0,0,1,0,0,0,0,0,0
20887,1671,8,8/7/16,8/13/16,82070.57,17.49390407,4693,2.617401004,1793,0,0,0,0,0,0,0,0,0,0,0,0,0,0,0,0,0,0,0,0,0,0,0,0,0,0,0,0,0,0,0,0,0,0,0,0,0,0,0,0,1,0,0,0,0,0
20887,1671,8,8/14/16,8/20/16,96798.15,17.49390407,5535,3.08700502,1793,0,0,0,0,0,0,0,0,0.285714286,3586,0,0,0,0,0,0,0,0,0,0,0,0,0,0,0,0,0,0,0,0,0,0,0,0,0,0,0,0,0,0,0,1,0,0,0,0
20887,1671,8,8/21/16,8/27/16,85388.19,17.49278862,4881,2.722253207,1793,0,0,0,0,0,0,0,0,0.285714286,3586,0,0,0,0,0,0,0,0,0,0,0,0,0,0,0,0,0,0,0,0,0,0,0,0,0,0,0,0,0,0,0,0,1,0,0,0
20887,1671,8,8/28/16,9/3/16,83906.51,17.49,4799,2.676519799,1793,0,0,0,0,0,0,0,0,0,0,0,0,0,0,0,0,0,0,0,0,0,0,0,0,0,0,0,0,0,0,0,0,0,0,0,0,0,0,0,0,0,0,0,1,0,0
20887,1671,8,9/4/16,9/10/16,81306,17.49,4652,2.5945343,1793,0,0,0,0,0,0,0,0,0,0,0,0,0,0,0,0,0,0,0,0,0,0,0,0,0,0,0,0,1,0,0,0,0,1,0,0,0,0,0,0,0,0,0,0,0,0
20887,1671,8,9/11/16,9/17/16,74684.78,17.49,4273,2.383156721,1793,0,0,0,0,0,0,0,0,0,0,0,0,0,0,0,0,0,0,0,0,0,0,0,0,0,0,0,0,0,0,0,0,0,0,0,0,0,0,0,0,0,0,0,0,0,0
20887,1671,8,9/18/16,9/24/16,71808.92,17.49,4108,2.291132181,1793,0,0,0,0,0,0,0,0,0,0,0,0,0,0,0,0,0,0,0,0,0,0,0,0,0,0,0,0,0,0,0,0,0,0,0,0,0,0,0,0,0,0,0,0,0,0
20887,1671,8,9/25/16,10/1/16,68111.04,17.48916341,3896,2.17289459,1793,0,0,0,0,0,0,0,0,0,0,0,0,0,0,0,0,0,0,0,0,0,0,0,0,0,0,0,0,0,0,0,0,0,0,0,0,0,0,0,0,0,0,0,0,0,0
20887,1671,8,10/2/16,10/8/16,70032.16,17.4859655,4006,2.229271007,1797,0,0,0,0,0,0,0,0,0,0,0,0,0,0,0,0,0,0,0,0,0,0,0,0,0,0,0,0,0,0,0,0,0,0,0,0,0,0,0,0,0,0,0,0,0,0
20887,1671,8,10/9/16,10/15/16,67573.82,17.48318308,3866,2.151363383,1797,0,0,0,0,0,0,0,0,0,0,0,0,0,0,0,0,0,0,0,0,0,0,0,0,1,0,0,0,0,0,0,0,0,1,0,0,0,0,0,0,0,0,0,0,0,0
20887,1671,8,10/16/16,10/22/16,60985.59,17.48318308,3491,1.942682248,1797,0,0,0,0,0,0,0,0,0,0,0,0,0,0,0,0,0,0,0,0,0,0,0,0,0,0,0,0,0,0,0,0,0,0,0,0,0,0,0,0,0,0,0,0,0,0
20887,1671,8,10/23/16,10/29/16,57634.77,17.48318687,3298,1.834260289,1798,0,0,0,0,0,0,0,0,0,0,0,0,0,0,0,0,0,0,0,0,0,0,0,0,0,0,0,0,0,0,0,0,0,0,0,0,0,0,0,0,0,0,0,0,0,0
20887,1671,8,10/30/16,11/5/16,57614.52,17.49,3296,1.832128961,1799,0,0,0,0,0,0,0,0,0,0,0,0,0,0,0,0,0,0,0,1,0,0,0,0,0,0,0,0,0,0,0,0,0,1,0,0,0,0,0,0,0,0,0,0,0,0
20887,1671,8,11/6/16,11/12/16,70858.25,17.49,4054,2.253474152,1799,0,0,0,0,0,0,0,0,0,0,0,0,0,0,0,0,0,0,0,0,0,0,0,0,0,0,0,0,0,0,0,0,1,1,0,0,0,0,0,0,0,0,0,0,0,0
20887,1671,8,11/13/16,11/19/16,77370.88,17.49,4427,2.460811562,1799,0,0,0,0,0,0,0,0,0,0,0,0,0,0,0,0,0,0,0,0,0,0,0,0,0,0,0,0,0,0,0,0,0,0,0,0,0,0,0,0,0,0,0,0,0,0
20887,1671,8,11/20/16,11/26/16,379367.21,17.49,32231,17.91606448,1799,0,0,0,0,0,0,0,0,0,0,0,0,1,0,0,0,0,0,0,0,0,0,0,1,0,0,0,0,0,0,0,0,0,0,0,0,0,0,0,0,0,0,0,0,0,0
20887,1671,8,11/27/16,12/3/16,144721.16,17.49,8283,4.604224569,1799,0,0,0,0,0,0,0,0,0.142857143,1799,0,0,0,0,0,0,0,0,0,0,0,0,0,0,0,1,0,0,0,0,0,0,0,0,0,0,0,0,0,0,0,0,0,0,0,0
20887,1671,8,12/4/16,12/10/16,109458.8,17.49,6264,3.48,1800,0,0,0,0,0,0,0,0,0,0,0,0,0,0,0,0,0,0,0,0,0,0,0,0,0,0,0,0,0,0,0,0,0,0,0,0,0,0,0,0,0,0,0,0,0,0
20887,1671,8,12/11/16,12/17/16,105921.06,17.49,6060,3.366666667,1800,0,0,0,0,0,0,0,0,0,0,0,0,0,0,0,0,0,0,0,0,0,0,0,0,0,0,0,0,0,0,0,0,0,0,0,0,0,0,0,0,0,0,0,0,1,0
20887,1671,8,12/18/16,12/24/16,189680.51,17.49,10857,6.031666667,1800,0,0,0,0,0,0,0,0,0,0,0,0,0,0,0,0,0,0,0,0,0,0,0,0,0,0,0,0,0,0,0,0,0,0,0,0,0,0,0,0,0,0,0,0,0,1
20887,1671,8,12/25/16,12/31/16,200119.31,17.49,11456,6.364444444,1800,0,0,0,0,0,0,0,0,0,0,1,0,0,0,0,0,0,0,0,0,0,0,0,0,0,0,0,0,0,0,0,0,0,0,0,0,0,0,0,0,0,0,0,0,0,0
20887,1671,8,1/1/17,1/7/17,121239.16,17.49,6936,3.853333333,1800,0,0,0,0,0,0,0,0,0,0,0,0,0,1,0,0,0,0,0,0,0,0,0,0,0,0,0,0,0,0,0,0,0,1,0,0,0,0,0,0,0,0,0,0,0,0
20887,1671,8,1/8/17,1/14/17,90550.63,17.49,5180,2.877777778,1800,0,0,0,0,0,0,0,0,0,0,0,0,0,0,0,0,0,0,0,0,0,0,0,0,0,0,0,0,0,0,0,0,0,0,0,0,0,0,0,0,0,0,0,0,0,0
20887,1671,8,1/15/17,1/21/17,85083.83,17.49,4866,2.703333333,1800,0,0,0,0,0,0,0,0,0,0,0,0,0,0,0,0,0,0,0,0,0,0,0,0,0,0,0,0,0,0,1,0,0,1,0,0,0,0,0,0,0,0,0,0,0,0
20887,1671,8,1/22/17,1/28/17,68054.4,17.49,3894,2.163333333,1800,0,0,0,0,0,0,0,0,0,0,0,0,0,0,0,0,0,0,0,0,0,0,0,0,0,0,0,0,0,0,0,0,0,0,0,0,0,0,0,0,0,0,0,0,0,0
20887,1671,8,1/29/17,2/4/17,66210.6,17.49,3788,2.103275958,1801,0,0,0,0,0,0,0,0,0,0,0,0,0,0,0,0,0,0,0,0,0,0,0,0,0,0,0,0,0,0,0,0,0,0,0,0,0,0,0,0,0,0,0,0,0,0
20887,1671,8,2/5/17,2/11/17,51507.23,17.39124534,2950,1.637978901,1801,0,0,0,0,0,0,0,0,0,0,0,0,0,0,0,0,0,0,0,0,1,0,0,0,0,0,0,0,0,0,0,0,0,1,0,0,0,0,0,0,0,0,0,0,0,0
20887,1671,8,2/12/17,2/18/17,59502.31,17.14435869,3494,1.940033315,1801,0,0,0,0,0,0,0,0,0.857142857,10806,0,0,0,0,0,0,0,1,0,0,0,0,0,0,0,0,0,0,0,0,0,0,0,1,0,0,0,0,0,0,0,0,0,0,0,0
20887,1671,8,2/19/17,2/25/17,68274.3,17.14435869,4012,2.227651305,1801,0,0,0,0,0,0,0,0,0,0,0,0,0,0,0,0,0,0,0,0,0,0,0,0,0,0,0,0,0,0,0,1,0,1,0,0,0,0,0,0,0,0,0,0,0,0
20887,1671,8,2/26/17,3/4/17,72649.21,17.14435869,4279,2.375902277,1801,0,0,0,0,0,0,0,0,0,0,0,0,0,0,0,0,0,0,0,0,0,0,1,0,0,0,0,0,0,1,0,0,0,1,0,0,0,0,0,0,0,0,0,0,0,0
20887,1671,8,3/5/17,3/11/17,68508.05,17.14493896,4034,2.238623751,1802,0,0,0,0,0,0,0,0,0,0,0,0,0,0,0,0,0,0,0,0,0,0,0,0,0,0,0,0,0,0,0,0,0,0,0,0,0,0,0,0,0,0,0,0,0,0
20887,1671,8,3/12/17,3/18/17,70006.41,17.14570953,4118,2.2827051,1804,0,0,0,0,0,0,0,0,0.857129659,10823,0,0,0,0,0,0,0,0,0,0,0,1,0,0,0,0,0,0,0,0,0,0,0,1,0,0,0,0,0,0,0,0,0,0,0,0
20887,1671,8,3/19/17,3/25/17,59981.45,17.14628809,3515,1.947368421,1805,0,0,0,0,0,0,0,0,0,0,0,0,0,0,0,0,0,0,0,0,0,0,0,0,0,0,0,0,0,0,0,0,0,0,0,0,0,0,0,0,0,0,0,0,0,0
20887,1671,8,3/26/17,4/1/17,59704.18,17.14628809,3498,1.937950139,1805,0,0,0,0,0,0,0,0,0,0,0,0,0,0,0,0,0,0,0,0,0,0,0,0,0,0,0,0,0,0,0,0,0,0,0,0,0,0,0,0,0,0,0,0,0,0
20887,1671,8,4/2/17,4/8/17,60551.09,17.14628809,3548,1.96565097,1805,0,0,0,0,0,0,0,0,0.857142857,10830,0,0,0,0,0,0,0,0,0,0,0,0,0,0,0,0,0,0,0,0,0,0,0,0,0,0,0,0,0,0,0,0,0,0,0,0
20887,1671,8,4/9/17,4/15/17,58397.21,17.14628809,3422,1.895844875,1805,0,0,0,0,0,0,0,0,0.857142857,10830,0,0,0,0,0,0,0,0,0,0,0,0,0,0,0,0,1,1,0,0,0,0,0,1,0,0,0,0,0,0,0,0,0,0,0,0
20887,1671,8,4/16/17,4/22/17,44572.09,17.13006173,2610,1.44598338,1805,0,0,0,0,0,0,0,0,0.857142857,10830,0,1,0,0,0,0,0,0,0,0,0,0,0,0,0,0,0,0,0,0,0,0,0,0,0,0,0,0,0,0,0,0,0,0,0,0
20887,1671,8,4/23/17,4/29/17,46524.7,17.08949584,2733,1.514127424,1805,0,0,0,0,0,0,0,0,0,0,0,0,0,0,0,0,0,0,0,0,0,0,0,0,0,0,0,0,0,0,0,0,0,0,0,0,0,0,0,0,0,0,0,0,0,0
20887,1671,8,4/30/17,5/6/17,50385.7,17.08872093,2964,1.641196013,1806,0,0,0,0,0,0,0,0,0.713969309,9026,0,0,0,0,0,0,0,0,0,0,0,0,0,0,0,0,0,0,0,0,0,0,0,0,0,0,0,0,0,0,0,0,0,0,0,0
20887,1671,8,5/7/17,5/13/17,51524.32,17.08367822,3032,1.678848283,1806,0,0,0,0,0,0,0,0,0,0,0,0,0,0,0,0,0,0,0,0,0,0,0,0,0,0,0,0,0,0,0,0,0,0,0,0,0,0,0,0,0,0,0,0,0,0
20887,1671,8,5/14/17,5/20/17,49264.42,17.07363234,2893,1.601882614,1806,0,0,0,0,0,0,0,0,0.854769815,10806,0,0,0,0,0,1,0,0,0,0,0,0,0,0,0,0,0,0,0,0,0,0,0,1,0,0,0,0,0,0,0,0,0,0,0,0
20887,1671,8,5/21/17,5/27/17,50463.72,17.05571587,2963,1.640642303,1806,0,0,0,0,0,0,0,0,0.854690713,10805,0,0,0,0,0,0,0,0,0,0,0,0,0,0,0,0,0,0,0,0,0,0,0,0,0,0,0,0,0,0,0,0,0,0,0,0
20887,1671,8,5/28/17,6/3/17,55774.94,17.04816168,3267,1.8089701,1806,0,0,0,0,0,0,0,0,0.854216105,10799,0,0,0,0,0,0,0,0,1,0,0,0,0,0,0,0,0,0,0,0,0,0,0,1,0,0,0,0,0,0,0,0,0,0,0,0
20887,1671,8,6/4/17,6/10/17,54108.34,17.04705426,3167,1.753599114,1806,0.857142857,10836,0,0,0,0,0,0,0.853504192,10790,0,0,0,0,0,0,0,0,0,0,0,0,0,0,0,0,0,0,0,0,0,0,0,0,0,0,0,0,0,0,0,0,0,0,0,0
20887,1671,8,6/11/17,6/17/17,55936.76,17.14469704,3274,1.812846069,1806,0,0,0,0,0,0,0,0,0.851447556,10764,0,0,0,0,0,0,0,0,0,0,0,0,0,0,0,0,0,0,0,0,0,0,0,0,0,0,0,0,0,0,0,0,0,0,0,0
20887,1671,8,6/18/17,6/24/17,54517.21,17.38880399,3130,1.733111849,1806,0,0,0,0,0,0,0,0,0.85002373,10746,0,0,0,0,1,0,0,0,0,0,0,0,0,0,0,0,0,0,0,0,0,0,0,1,0,0,0,0,0,0,0,0,0,0,0,0
20887,1671,8,6/25/17,7/1/17,53901.18,17.38880399,3084,1.707641196,1806,0,0,0,0,0,0,0,0,0.708036703,8951,0,0,0,0,0,0,0,0,0,0,0,0,0,0,0,0,0,0,0,0,0,0,0,0,1,0,0,0,0,0,0,0,0,0,0,0
20887,1671,8,7/2/17,7/8/17,57438.16,17.38880399,3285,1.818936877,1806,0,0,0,0,0,0,0,0,0.849549122,10740,0,0,0,0,0,0,1,0,0,0,0,0,0,0,0,0,0,0,0,0,0,0,0,1,0,1,0,0,0,0,0,0,0,0,0,0
20887,1671,8,7/9/17,7/15/17,48849.57,17.38880399,2793,1.546511628,1806,0,0,0,0,0,0,0,0,0.849707325,10742,0,0,0,0,0,0,0,0,0,0,0,0,0,0,0,0,0,0,0,0,0,0,0,0,0,0,1,0,0,0,0,0,0,0,0,0
20887,1671,8,7/16/17,7/22/17,50206.29,17.38742684,2871,1.585311982,1811,0,0,0,0,0,0,0,0,0.848603771,10748,0,0,0,0,0,0,0,0,0,0,0,0,0,0,0,0,0,0,0,0,0,0,0,0,0,0,0,1,0,0,0,0,0,0,0,0
20887,1671,8,7/23/17,7/29/17,49616.63,17.3872642,2837,1.564809708,1813,0,0,0,0,0,0,0,0,0.849040002,10770,0,0,0,0,0,0,0,0,0,0,0,0,0,0,0,0,0,0,0,0,0,0,0,0,0,0,0,0,1,0,0,0,0,0,0,0
20887,1671,8,7/30/17,8/5/17,58011.83,17.38732084,3317,1.828555678,1814,0,0,0,0,0,0,0,0,0,0,0,0,0,0,0,0,0,0,0,0,0,0,0,0,0,0,0,0,0,0,0,0,0,0,0,0,0,0,0,1,0,0,0,0,0,0
20887,1671,8,8/6/17,8/12/17,59773.32,17.38737741,3418,1.883195592,1815,0,0,0,0,0,0,0,0,0,0,0,0,0,0,0,0,0,0,0,0,0,0,0,0,0,0,0,0,0,0,0,0,0,0,0,0,0,0,0,0,1,0,0,0,0,0
20887,1671,8,8/13/17,8/19/17,68463.45,17.38737741,3918,2.158677686,1815,0,0,0,0,0,0,0,0,0.849114522,10788,0,0,0,0,0,0,0,0,0,0,0,0,0,0,0,0,0,0,0,0,0,0,0,0,0,0,0,0,0,0,0,1,0,0,0,0
20887,1671,8,8/20/17,8/26/17,64231.23,16.00280441,3721,2.050137741,1815,0,0,0,0,0,0,0,0,0.849114522,10788,0,0,0,0,0,0,0,0,0,0,0,0,0,0,0,0,0,0,0,0,0,0,0,0,0,0,0,0,0,0,0,0,1,0,0,0
20887,1671,8,8/27/17,9/2/17,71272.29,13.96992601,5382,2.965289256,1815,0,0,0,0,0,0,0,0,0.852026761,10825,0,0,0,0,0,0,0,0,0,0,0,0,0,0,0,0,0,0,0,0,0,0,0,0,0,0,0,0,0,0,0,0,0,1,0,0
20887,1671,8,9/3/17,9/9/17,56465.37,17.49,3507,1.932231405,1815,0,0,0,0,0,0,0,0,0.857142857,10890,0,0,0,0,0,0,0,0,0,0,0,0,0,0,0,0,0,0,1,0,0,0,0,1,0,0,0,0,0,0,0,0,0,0,0,0
20887,1671,8,9/10/17,9/16/17,56313.89,17.49,3226,1.777410468,1815,0,0,0,0,0,0,0,0,0.857142857,10890,0,0,0,0,0,0,0,0,0,0,0,0,0,0,0,0,0,0,0,0,0,0,0,0,0,0,0,0,0,0,0,0,0,0,0,0
20887,1671,8,9/17/17,9/23/17,61721.84,17.49,3531,1.945454545,1815,0,0,0,0,0,0,0,0,0.857142857,10890,0,0,0,0,0,0,0,0,0,0,0,0,0,0,0,0,0,0,0,0,0,0,0,0,0,0,0,0,0,0,0,0,0,0,0,0
20887,1671,8,9/24/17,9/30/17,61881.49,17.49,3541,1.950964187,1815,0,0,0,0,0,0,0,0,0.857142857,10890,0,0,0,0,0,0,0,0,0,0,0,0,0,0,0,0,0,0,0,0,0,0,0,0,0,0,0,0,0,0,0,0,0,0,0,0
20887,1671,8,10/1/17,10/7/17,59690.5,17.49,3415,1.8815427,1815,0,0,0,0,0,0,0,0,0.857142857,10890,0,0,0,0,0,0,0,0,0,0,0,0,0,0,0,0,0,0,0,0,0,0,0,0,0,0,0,0,0,0,0,0,0,0,0,0
20887,1671,8,10/8/17,10/14/17,58931.5,17.49,3370,1.856749311,1815,0,0,0,0,0,0,0,0,0.857142857,10890,0,0,0,0,0,0,0,0,0,0,0,0,0,0,1,0,0,0,0,0,0,0,0,1,0,0,0,0,0,0,0,0,0,0,0,0
20887,1671,8,10/15/17,10/21/17,55989.25,17.49,3205,1.758091059,1823,0,0,0,0,0,0,0,0,0.855712718,10903,0,0,0,0,0,0,0,0,0,0,0,0,0,0,0,0,0,0,0,0,0,0,0,0,0,0,0,0,0,0,0,0,0,0,0,0
20887,1671,8,10/22/17,10/28/17,59791.39,17.49,3421,1.873493976,1826,0,0,0,0,0,0,0,0,0.857071142,10952,0,0,0,0,0,0,0,0,0,0,0,0,0,0,0,0,0,0,0,0,0,0,0,0,0,0,0,0,0,0,0,0,0,0,0,0
20887,1671,8,10/29/17,11/4/17,63647.08,17.49,3642,1.993431856,1827,0,0,0,0,0,0,0,0,0.856947377,10957,0,0,0,0,0,0,0,0,0,1,0,0,0,0,0,0,0,0,0,0,0,0,0,1,0,0,0,0,0,0,0,0,0,0,0,0
20887,1671,8,11/5/17,11/11/17,65700.42,17.49,3758,2.053551913,1830,0,0,0,0,0,0,0,0,0.856108509,10962,0,0,0,0,0,0,0,0,0,0,0,0,0,0,0,0,0,0,0,0,0,0,1,1,0,0,0,0,0,0,0,0,0,0,0,0
20887,1671,8,11/12/17,11/18/17,61595.85,17.49,3525,1.924126638,1832,0,0,0,0,0,0,0,0,0.856519027,10984,0,0,0,0,0,0,0,0,0,0,0,0,0,0,0,0,0,0,0,0,0,0,0,0,0,0,0,0,0,0,0,0,0,0,0,0
20887,1671,8,11/19/17,11/25/17,91114.05,17.48318058,5214,2.844517185,1833,0,0,0,0,0,0,0,0,0.85667524,10992,0,0,1,0,0,0,0,0,0,0,0,0,0,1,0,0,0,0,0,0,0,0,0,0,0,0,0,0,0,0,0,0,0,0,0,0
20887,1671,8,11/26/17,12/2/17,77714.47,17.46558647,4448,2.426623022,1833,0,0,0,0,0,0,0,0,0.85667524,10992,0,0,0,0,0,0,0,0,0,0,0,0,0,0,0,1,0,0,0,0,0,0,0,0,0,0,0,0,0,0,0,0,0,0,0,0
20887,1671,8,12/3/17,12/9/17,71594.46,17.45554965,4100,2.236770322,1833,0,0,0,0,0,0,0,0,0.856480399,10990,0,0,0,0,0,0,0,0,0,0,0,0,0,0,0,0,0,0,0,0,0,0,0,0,0,0,0,0,0,0,0,0,0,0,0,0
20887,1671,8,12/10/17,12/16/17,71443.86,17.44414309,4097,2.235133661,1833,0,0,0,0,0,0,0,0,0.856207622,10986,0,0,0,0,0,0,0,0,0,0,0,0,0,0,0,0,0,0,0,0,0,0,0,0,0,0,0,0,0,0,0,0,0,0,1,0
20887,1671,8,12/17/17,12/23/17,106971.29,17.42914582,6129,3.343698854,1833,0,0,0,0,0,0,0,0,0.855973813,10983,0,0,0,0,0,0,0,0,0,0,0,0,0,0,0,0,0,0,0,0,0,0,0,0,0,0,0,0,0,0,0,0,0,0,0,1
20887,1671,8,12/24/17,12/30/17,136930.46,17.42823241,7835,4.27441353,1833,0,0,0,0,0,0,0,0,0.855740005,10980,1,0,0,0,0,0,0,0,0,0,0,0,0,0,0,0,0,0,0,0,0,0,0,0,0,0,0,0,0,0,0,0,0,0,0,0
20887,1671,8,12/31/17,1/6/18,95883.84,17.41747409,5486,2.992907801,1833,0,0,0,0,0,0,0,0,0,0,0,0,0,1,0,0,0,0,0,0,0,0,0,0,0,0,0,0,0,0,0,0,0,1,0,0,0,0,0,0,0,0,0,0,0,0
20887,1671,8,1/7/18,1/13/18,72816.93,17.41270595,4169,2.27441353,1833,0,0,0,0,0,0,0,0,0.853869535,10956,0,0,0,0,0,0,0,0,0,0,0,0,0,0,0,0,0,0,0,0,0,0,0,0,0,0,0,0,0,0,0,0,0,0,0,0
20887,1671,8,1/14/18,1/20/18,68909.65,17.41702907,3946,2.152755046,1833,0,0,0,0,0,0,0,0,0.854025407,10958,0,0,0,0,0,0,0,0,0,0,0,0,0,0,0,0,0,0,0,0,1,0,0,1,0,0,0,0,0,0,0,0,0,0,0,0
20887,1671,8,1/21/18,1/27/18,60751.04,17.42279324,3477,1.896890344,1833,0,0,0,0,0,0,0,0,0,0,0,0,0,0,0,0,0,0,0,0,0,0,0,0,0,0,0,0,0,0,0,0,0,0,0,0,0,0,0,0,0,0,0,0,0,0
20887,1671,8,1/28/18,2/3/18,64044.16,17.42279324,3665,1.999454446,1833,0,0,0,0,0,0,0,0,0,0,0,0,0,0,0,0,0,0,0,0,0,0,0,0,0,0,0,0,0,0,0,0,0,0,0,0,0,0,0,0,0,0,0,0,0,0